,API,F0,cf_high,cf_low,decoding_type,delta_theta,dur,dur_ramp,fs,level,model,model_name,n_cf,n_fiber_per_chan,nominal_level,phase,result,roving_type
0,"[[0.00000000e+00 0.00000000e+00 0.00000000e+00 0.00000000e+00
  0.00000000e+00 0.00000000e+00]
 [0.00000000e+00 7.71604938e-06 0.00000000e+00 0.00000000e+00
  0.00000000e+00 0.00000000e+00]
 [0.00000000e+00 0.00000000e+00 7.71604938e-06 0.00000000e+00
  0.00000000e+00 0.00000000e+00]
 [0.00000000e+00 0.00000000e+00 0.00000000e+00 7.71604938e-06
  0.00000000e+00 0.00000000e+00]
 [0.00000000e+00 0.00000000e+00 0.00000000e+00 0.00000000e+00
  7.71604938e-06 0.00000000e+00]
 [0.00000000e+00 0.00000000e+00 0.00000000e+00 0.00000000e+00
  0.00000000e+00 7.71604938e-06]]",176.66805645445413,1943.3486209989956,883.3402822722707,AI,"[0.001, 0.001, 0.001, 0.001, 0.001, 0.001]",0.1,0.01,500000.0,33.31510066171346,Heinz2001,Heinz2001,40.0,40.0,20.0,[ 65.73365793 262.00363519 259.45613732 162.5036725   34.87023374],0.004258090774108453,phase
1,"[[0.00000000e+00 0.00000000e+00 0.00000000e+00 0.00000000e+00
  0.00000000e+00 0.00000000e+00]
 [0.00000000e+00 7.71604938e-06 0.00000000e+00 0.00000000e+00
  0.00000000e+00 0.00000000e+00]
 [0.00000000e+00 0.00000000e+00 7.71604938e-06 0.00000000e+00
  0.00000000e+00 0.00000000e+00]
 [0.00000000e+00 0.00000000e+00 0.00000000e+00 7.71604938e-06
  0.00000000e+00 0.00000000e+00]
 [0.00000000e+00 0.00000000e+00 0.00000000e+00 0.00000000e+00
  7.71604938e-06 0.00000000e+00]
 [0.00000000e+00 0.00000000e+00 0.00000000e+00 0.00000000e+00
  0.00000000e+00 7.71604938e-06]]",176.66805645445413,1943.3486209989956,883.3402822722707,AI,"[0.001, 0.001, 0.001, 0.001, 0.001, 0.001]",0.1,0.01,500000.0,43.31510066171346,Heinz2001,Heinz2001,40.0,40.0,30.0,[341.64996717   8.51013348 348.1472479  331.6167359  281.9202805 ],0.003360434600625018,phase
2,"[[0.00000000e+00 0.00000000e+00 0.00000000e+00 0.00000000e+00
  0.00000000e+00 0.00000000e+00]
 [0.00000000e+00 7.71604938e-06 0.00000000e+00 0.00000000e+00
  0.00000000e+00 0.00000000e+00]
 [0.00000000e+00 0.00000000e+00 7.71604938e-06 0.00000000e+00
  0.00000000e+00 0.00000000e+00]
 [0.00000000e+00 0.00000000e+00 0.00000000e+00 7.71604938e-06
  0.00000000e+00 0.00000000e+00]
 [0.00000000e+00 0.00000000e+00 0.00000000e+00 0.00000000e+00
  7.71604938e-06 0.00000000e+00]
 [0.00000000e+00 0.00000000e+00 0.00000000e+00 0.00000000e+00
  0.00000000e+00 7.71604938e-06]]",176.66805645445413,1943.3486209989956,883.3402822722707,AI,"[0.001, 0.001, 0.001, 0.001, 0.001, 0.001]",0.1,0.01,500000.0,53.31510066171346,Heinz2001,Heinz2001,40.0,40.0,40.0,[ 68.87578641  42.45971792 139.17450058 344.02069119 285.22510944],0.0030391055262667895,phase
3,"[[0.00000000e+00 0.00000000e+00 0.00000000e+00 0.00000000e+00
  0.00000000e+00 0.00000000e+00]
 [0.00000000e+00 7.71604938e-06 0.00000000e+00 0.00000000e+00
  0.00000000e+00 0.00000000e+00]
 [0.00000000e+00 0.00000000e+00 7.71604938e-06 0.00000000e+00
  0.00000000e+00 0.00000000e+00]
 [0.00000000e+00 0.00000000e+00 0.00000000e+00 7.71604938e-06
  0.00000000e+00 0.00000000e+00]
 [0.00000000e+00 0.00000000e+00 0.00000000e+00 0.00000000e+00
  7.71604938e-06 0.00000000e+00]
 [0.00000000e+00 0.00000000e+00 0.00000000e+00 0.00000000e+00
  0.00000000e+00 7.71604938e-06]]",195.25021006277245,2147.752310690497,976.2510503138623,AI,"[0.001, 0.001, 0.001, 0.001, 0.001, 0.001]",0.1,0.01,500000.0,33.61671705526375,Heinz2001,Heinz2001,40.0,40.0,20.0,[131.49659828  24.12417452   5.61978236  39.64335905 133.05752727],0.004407868319583824,phase
4,"[[0.00000000e+00 0.00000000e+00 0.00000000e+00 0.00000000e+00
  0.00000000e+00 0.00000000e+00]
 [0.00000000e+00 7.71604938e-06 0.00000000e+00 0.00000000e+00
  0.00000000e+00 0.00000000e+00]
 [0.00000000e+00 0.00000000e+00 7.71604938e-06 0.00000000e+00
  0.00000000e+00 0.00000000e+00]
 [0.00000000e+00 0.00000000e+00 0.00000000e+00 7.71604938e-06
  0.00000000e+00 0.00000000e+00]
 [0.00000000e+00 0.00000000e+00 0.00000000e+00 0.00000000e+00
  7.71604938e-06 0.00000000e+00]
 [0.00000000e+00 0.00000000e+00 0.00000000e+00 0.00000000e+00
  0.00000000e+00 7.71604938e-06]]",195.25021006277245,2147.752310690497,976.2510503138623,AI,"[0.001, 0.001, 0.001, 0.001, 0.001, 0.001]",0.1,0.01,500000.0,43.61671705526375,Heinz2001,Heinz2001,40.0,40.0,30.0,[138.02402576  59.29550735 258.32141138 312.37987703 178.73074491],0.0035056378036678565,phase
5,"[[0.00000000e+00 0.00000000e+00 0.00000000e+00 0.00000000e+00
  0.00000000e+00 0.00000000e+00]
 [0.00000000e+00 7.71604938e-06 0.00000000e+00 0.00000000e+00
  0.00000000e+00 0.00000000e+00]
 [0.00000000e+00 0.00000000e+00 7.71604938e-06 0.00000000e+00
  0.00000000e+00 0.00000000e+00]
 [0.00000000e+00 0.00000000e+00 0.00000000e+00 7.71604938e-06
  0.00000000e+00 0.00000000e+00]
 [0.00000000e+00 0.00000000e+00 0.00000000e+00 0.00000000e+00
  7.71604938e-06 0.00000000e+00]
 [0.00000000e+00 0.00000000e+00 0.00000000e+00 0.00000000e+00
  0.00000000e+00 7.71604938e-06]]",195.25021006277245,2147.752310690497,976.2510503138623,AI,"[0.001, 0.001, 0.001, 0.001, 0.001, 0.001]",0.1,0.01,500000.0,53.61671705526375,Heinz2001,Heinz2001,40.0,40.0,40.0,[  6.17271071 274.51077632 263.29831331  12.34318816 158.82847662],0.0031822561611479687,phase
6,"[[0.00000000e+00 0.00000000e+00 0.00000000e+00 0.00000000e+00
  0.00000000e+00 0.00000000e+00]
 [0.00000000e+00 7.71604938e-06 0.00000000e+00 0.00000000e+00
  0.00000000e+00 0.00000000e+00]
 [0.00000000e+00 0.00000000e+00 7.71604938e-06 0.00000000e+00
  0.00000000e+00 0.00000000e+00]
 [0.00000000e+00 0.00000000e+00 0.00000000e+00 7.71604938e-06
  0.00000000e+00 0.00000000e+00]
 [0.00000000e+00 0.00000000e+00 0.00000000e+00 0.00000000e+00
  7.71604938e-06 0.00000000e+00]
 [0.00000000e+00 0.00000000e+00 0.00000000e+00 0.00000000e+00
  0.00000000e+00 7.71604938e-06]]",215.78685640539103,2373.6554204593012,1078.934282026955,AI,"[0.001, 0.001, 0.001, 0.001, 0.001, 0.001]",0.1,0.01,500000.0,34.014401565273985,Heinz2001,Heinz2001,40.0,40.0,20.0,[105.5926082  105.24858282 121.60763644 172.08583825 335.39780243],0.004576425858682286,phase
7,"[[0.00000000e+00 0.00000000e+00 0.00000000e+00 0.00000000e+00
  0.00000000e+00 0.00000000e+00]
 [0.00000000e+00 7.71604938e-06 0.00000000e+00 0.00000000e+00
  0.00000000e+00 0.00000000e+00]
 [0.00000000e+00 0.00000000e+00 7.71604938e-06 0.00000000e+00
  0.00000000e+00 0.00000000e+00]
 [0.00000000e+00 0.00000000e+00 0.00000000e+00 7.71604938e-06
  0.00000000e+00 0.00000000e+00]
 [0.00000000e+00 0.00000000e+00 0.00000000e+00 0.00000000e+00
  7.71604938e-06 0.00000000e+00]
 [0.00000000e+00 0.00000000e+00 0.00000000e+00 0.00000000e+00
  0.00000000e+00 7.71604938e-06]]",215.78685640539103,2373.6554204593012,1078.934282026955,AI,"[0.001, 0.001, 0.001, 0.001, 0.001, 0.001]",0.1,0.01,500000.0,44.014401565273985,Heinz2001,Heinz2001,40.0,40.0,30.0,[127.82397796 267.30965528 116.77437233  67.56928346  74.37379434],0.0036816888039676063,phase
8,"[[0.00000000e+00 0.00000000e+00 0.00000000e+00 0.00000000e+00
  0.00000000e+00 0.00000000e+00]
 [0.00000000e+00 7.71604938e-06 0.00000000e+00 0.00000000e+00
  0.00000000e+00 0.00000000e+00]
 [0.00000000e+00 0.00000000e+00 7.71604938e-06 0.00000000e+00
  0.00000000e+00 0.00000000e+00]
 [0.00000000e+00 0.00000000e+00 0.00000000e+00 7.71604938e-06
  0.00000000e+00 0.00000000e+00]
 [0.00000000e+00 0.00000000e+00 0.00000000e+00 0.00000000e+00
  7.71604938e-06 0.00000000e+00]
 [0.00000000e+00 0.00000000e+00 0.00000000e+00 0.00000000e+00
  0.00000000e+00 7.71604938e-06]]",215.78685640539103,2373.6554204593012,1078.934282026955,AI,"[0.001, 0.001, 0.001, 0.001, 0.001, 0.001]",0.1,0.01,500000.0,54.014401565273985,Heinz2001,Heinz2001,40.0,40.0,40.0,[102.74186195 257.37799446  26.23115364  51.24713686 298.05907541],0.0033557493779238627,phase
9,"[[0.00000000e+00 0.00000000e+00 0.00000000e+00 0.00000000e+00
  0.00000000e+00 0.00000000e+00]
 [0.00000000e+00 7.71604938e-06 0.00000000e+00 0.00000000e+00
  0.00000000e+00 0.00000000e+00]
 [0.00000000e+00 0.00000000e+00 7.71604938e-06 0.00000000e+00
  0.00000000e+00 0.00000000e+00]
 [0.00000000e+00 0.00000000e+00 0.00000000e+00 7.71604938e-06
  0.00000000e+00 0.00000000e+00]
 [0.00000000e+00 0.00000000e+00 0.00000000e+00 0.00000000e+00
  7.71604938e-06 0.00000000e+00]
 [0.00000000e+00 0.00000000e+00 0.00000000e+00 0.00000000e+00
  0.00000000e+00 7.71604938e-06]]",238.48357132292253,2623.319284552148,1192.4178566146127,AI,"[0.001, 0.001, 0.001, 0.001, 0.001, 0.001]",0.1,0.01,500000.0,34.4939876158342,Heinz2001,Heinz2001,40.0,40.0,20.0,[ 20.6846489  350.67315446 229.37142607 137.1367349  241.36379523],0.004793581412757593,phase
10,"[[0.00000000e+00 0.00000000e+00 0.00000000e+00 0.00000000e+00
  0.00000000e+00 0.00000000e+00]
 [0.00000000e+00 7.71604938e-06 0.00000000e+00 0.00000000e+00
  0.00000000e+00 0.00000000e+00]
 [0.00000000e+00 0.00000000e+00 7.71604938e-06 0.00000000e+00
  0.00000000e+00 0.00000000e+00]
 [0.00000000e+00 0.00000000e+00 0.00000000e+00 7.71604938e-06
  0.00000000e+00 0.00000000e+00]
 [0.00000000e+00 0.00000000e+00 0.00000000e+00 0.00000000e+00
  7.71604938e-06 0.00000000e+00]
 [0.00000000e+00 0.00000000e+00 0.00000000e+00 0.00000000e+00
  0.00000000e+00 7.71604938e-06]]",238.48357132292253,2623.319284552148,1192.4178566146127,AI,"[0.001, 0.001, 0.001, 0.001, 0.001, 0.001]",0.1,0.01,500000.0,44.4939876158342,Heinz2001,Heinz2001,40.0,40.0,30.0,[321.7578646   48.12830154   9.03296396 339.00153042 194.76079975],0.003888817547582526,phase
11,"[[0.00000000e+00 0.00000000e+00 0.00000000e+00 0.00000000e+00
  0.00000000e+00 0.00000000e+00]
 [0.00000000e+00 7.71604938e-06 0.00000000e+00 0.00000000e+00
  0.00000000e+00 0.00000000e+00]
 [0.00000000e+00 0.00000000e+00 7.71604938e-06 0.00000000e+00
  0.00000000e+00 0.00000000e+00]
 [0.00000000e+00 0.00000000e+00 0.00000000e+00 7.71604938e-06
  0.00000000e+00 0.00000000e+00]
 [0.00000000e+00 0.00000000e+00 0.00000000e+00 0.00000000e+00
  7.71604938e-06 0.00000000e+00]
 [0.00000000e+00 0.00000000e+00 0.00000000e+00 0.00000000e+00
  0.00000000e+00 7.71604938e-06]]",238.48357132292253,2623.319284552148,1192.4178566146127,AI,"[0.001, 0.001, 0.001, 0.001, 0.001, 0.001]",0.1,0.01,500000.0,54.4939876158342,Heinz2001,Heinz2001,40.0,40.0,40.0,[255.41476388 189.6425201   11.50397855  30.24126303  57.56965814],0.0035686431838511815,phase
12,"[[0.00000000e+00 0.00000000e+00 0.00000000e+00 0.00000000e+00
  0.00000000e+00 0.00000000e+00]
 [0.00000000e+00 7.71604938e-06 0.00000000e+00 0.00000000e+00
  0.00000000e+00 0.00000000e+00]
 [0.00000000e+00 0.00000000e+00 7.71604938e-06 0.00000000e+00
  0.00000000e+00 0.00000000e+00]
 [0.00000000e+00 0.00000000e+00 0.00000000e+00 7.71604938e-06
  0.00000000e+00 0.00000000e+00]
 [0.00000000e+00 0.00000000e+00 0.00000000e+00 0.00000000e+00
  7.71604938e-06 0.00000000e+00]
 [0.00000000e+00 0.00000000e+00 0.00000000e+00 0.00000000e+00
  0.00000000e+00 7.71604938e-06]]",263.567553364268,2899.243087006948,1317.83776682134,AI,"[0.001, 0.001, 0.001, 0.001, 0.001, 0.001]",0.1,0.01,500000.0,34.972581766637475,Heinz2001,Heinz2001,40.0,40.0,20.0,[329.42464755 296.63970783  18.5319521  147.52286057 213.00932401],0.005086326453566147,phase
13,"[[0.00000000e+00 0.00000000e+00 0.00000000e+00 0.00000000e+00
  0.00000000e+00 0.00000000e+00]
 [0.00000000e+00 7.71604938e-06 0.00000000e+00 0.00000000e+00
  0.00000000e+00 0.00000000e+00]
 [0.00000000e+00 0.00000000e+00 7.71604938e-06 0.00000000e+00
  0.00000000e+00 0.00000000e+00]
 [0.00000000e+00 0.00000000e+00 0.00000000e+00 7.71604938e-06
  0.00000000e+00 0.00000000e+00]
 [0.00000000e+00 0.00000000e+00 0.00000000e+00 0.00000000e+00
  7.71604938e-06 0.00000000e+00]
 [0.00000000e+00 0.00000000e+00 0.00000000e+00 0.00000000e+00
  0.00000000e+00 7.71604938e-06]]",263.567553364268,2899.243087006948,1317.83776682134,AI,"[0.001, 0.001, 0.001, 0.001, 0.001, 0.001]",0.1,0.01,500000.0,44.972581766637475,Heinz2001,Heinz2001,40.0,40.0,30.0,[314.50047376  42.11199538  27.18080938 160.9417012  252.6417144 ],0.004184469902231308,phase
14,"[[0.00000000e+00 0.00000000e+00 0.00000000e+00 0.00000000e+00
  0.00000000e+00 0.00000000e+00]
 [0.00000000e+00 7.71604938e-06 0.00000000e+00 0.00000000e+00
  0.00000000e+00 0.00000000e+00]
 [0.00000000e+00 0.00000000e+00 7.71604938e-06 0.00000000e+00
  0.00000000e+00 0.00000000e+00]
 [0.00000000e+00 0.00000000e+00 0.00000000e+00 7.71604938e-06
  0.00000000e+00 0.00000000e+00]
 [0.00000000e+00 0.00000000e+00 0.00000000e+00 0.00000000e+00
  7.71604938e-06 0.00000000e+00]
 [0.00000000e+00 0.00000000e+00 0.00000000e+00 0.00000000e+00
  0.00000000e+00 7.71604938e-06]]",263.567553364268,2899.243087006948,1317.83776682134,AI,"[0.001, 0.001, 0.001, 0.001, 0.001, 0.001]",0.1,0.01,500000.0,54.972581766637475,Heinz2001,Heinz2001,40.0,40.0,40.0,[ 57.43974565 124.95757287 340.59313695 261.73438683 274.65729571],0.0038540611613246917,phase
15,"[[0.00000000e+00 0.00000000e+00 0.00000000e+00 0.00000000e+00
  0.00000000e+00 0.00000000e+00]
 [0.00000000e+00 7.71604938e-06 0.00000000e+00 0.00000000e+00
  0.00000000e+00 0.00000000e+00]
 [0.00000000e+00 0.00000000e+00 7.71604938e-06 0.00000000e+00
  0.00000000e+00 0.00000000e+00]
 [0.00000000e+00 0.00000000e+00 0.00000000e+00 7.71604938e-06
  0.00000000e+00 0.00000000e+00]
 [0.00000000e+00 0.00000000e+00 0.00000000e+00 0.00000000e+00
  7.71604938e-06 0.00000000e+00]
 [0.00000000e+00 0.00000000e+00 0.00000000e+00 0.00000000e+00
  0.00000000e+00 7.71604938e-06]]",291.2898980884604,3204.1888789730647,1456.449490442302,AI,"[0.001, 0.001, 0.001, 0.001, 0.001, 0.001]",0.1,0.01,500000.0,35.43464390139043,Heinz2001,Heinz2001,40.0,40.0,20.0,[127.16075946  26.2407909    2.32487775 120.47471325 122.60218328],0.005490024778497482,phase
16,"[[0.00000000e+00 0.00000000e+00 0.00000000e+00 0.00000000e+00
  0.00000000e+00 0.00000000e+00]
 [0.00000000e+00 7.71604938e-06 0.00000000e+00 0.00000000e+00
  0.00000000e+00 0.00000000e+00]
 [0.00000000e+00 0.00000000e+00 7.71604938e-06 0.00000000e+00
  0.00000000e+00 0.00000000e+00]
 [0.00000000e+00 0.00000000e+00 0.00000000e+00 7.71604938e-06
  0.00000000e+00 0.00000000e+00]
 [0.00000000e+00 0.00000000e+00 0.00000000e+00 0.00000000e+00
  7.71604938e-06 0.00000000e+00]
 [0.00000000e+00 0.00000000e+00 0.00000000e+00 0.00000000e+00
  0.00000000e+00 7.71604938e-06]]",291.2898980884604,3204.1888789730647,1456.449490442302,AI,"[0.001, 0.001, 0.001, 0.001, 0.001, 0.001]",0.1,0.01,500000.0,45.43464390139043,Heinz2001,Heinz2001,40.0,40.0,30.0,[116.39372415 358.66017228 246.68557523 196.73425242 107.28511242],0.0045974296250709664,phase
17,"[[0.00000000e+00 0.00000000e+00 0.00000000e+00 0.00000000e+00
  0.00000000e+00 0.00000000e+00]
 [0.00000000e+00 7.71604938e-06 0.00000000e+00 0.00000000e+00
  0.00000000e+00 0.00000000e+00]
 [0.00000000e+00 0.00000000e+00 7.71604938e-06 0.00000000e+00
  0.00000000e+00 0.00000000e+00]
 [0.00000000e+00 0.00000000e+00 0.00000000e+00 7.71604938e-06
  0.00000000e+00 0.00000000e+00]
 [0.00000000e+00 0.00000000e+00 0.00000000e+00 0.00000000e+00
  7.71604938e-06 0.00000000e+00]
 [0.00000000e+00 0.00000000e+00 0.00000000e+00 0.00000000e+00
  0.00000000e+00 7.71604938e-06]]",291.2898980884604,3204.1888789730647,1456.449490442302,AI,"[0.001, 0.001, 0.001, 0.001, 0.001, 0.001]",0.1,0.01,500000.0,55.43464390139043,Heinz2001,Heinz2001,40.0,40.0,40.0,[224.18918671 352.44900864 341.37477123  19.83075636 206.22901662],0.0042701452223215,phase
18,"[[0.00000000e+00 0.00000000e+00 0.00000000e+00 0.00000000e+00
  0.00000000e+00 0.00000000e+00]
 [0.00000000e+00 7.71604938e-06 0.00000000e+00 0.00000000e+00
  0.00000000e+00 0.00000000e+00]
 [0.00000000e+00 0.00000000e+00 7.71604938e-06 0.00000000e+00
  0.00000000e+00 0.00000000e+00]
 [0.00000000e+00 0.00000000e+00 0.00000000e+00 7.71604938e-06
  0.00000000e+00 0.00000000e+00]
 [0.00000000e+00 0.00000000e+00 0.00000000e+00 0.00000000e+00
  7.71604938e-06 0.00000000e+00]
 [0.00000000e+00 0.00000000e+00 0.00000000e+00 0.00000000e+00
  0.00000000e+00 7.71604938e-06]]",321.9281115802507,3541.2092273827575,1609.6405579012535,AI,"[0.001, 0.001, 0.001, 0.001, 0.001, 0.001]",0.1,0.01,500000.0,35.926474117245625,Heinz2001,Heinz2001,40.0,40.0,20.0,[305.33964246 114.10117423 319.8581834   68.99683721 218.5274281 ],0.006067793960449629,phase
19,"[[0.00000000e+00 0.00000000e+00 0.00000000e+00 0.00000000e+00
  0.00000000e+00 0.00000000e+00]
 [0.00000000e+00 7.71604938e-06 0.00000000e+00 0.00000000e+00
  0.00000000e+00 0.00000000e+00]
 [0.00000000e+00 0.00000000e+00 7.71604938e-06 0.00000000e+00
  0.00000000e+00 0.00000000e+00]
 [0.00000000e+00 0.00000000e+00 0.00000000e+00 7.71604938e-06
  0.00000000e+00 0.00000000e+00]
 [0.00000000e+00 0.00000000e+00 0.00000000e+00 0.00000000e+00
  7.71604938e-06 0.00000000e+00]
 [0.00000000e+00 0.00000000e+00 0.00000000e+00 0.00000000e+00
  0.00000000e+00 7.71604938e-06]]",321.9281115802507,3541.2092273827575,1609.6405579012535,AI,"[0.001, 0.001, 0.001, 0.001, 0.001, 0.001]",0.1,0.01,500000.0,45.926474117245625,Heinz2001,Heinz2001,40.0,40.0,30.0,[ 40.39751674 272.05445749  35.6260304  116.74294255 277.80015894],0.005170722585485775,phase
20,"[[0.00000000e+00 0.00000000e+00 0.00000000e+00 0.00000000e+00
  0.00000000e+00 0.00000000e+00]
 [0.00000000e+00 7.71604938e-06 0.00000000e+00 0.00000000e+00
  0.00000000e+00 0.00000000e+00]
 [0.00000000e+00 0.00000000e+00 7.71604938e-06 0.00000000e+00
  0.00000000e+00 0.00000000e+00]
 [0.00000000e+00 0.00000000e+00 0.00000000e+00 7.71604938e-06
  0.00000000e+00 0.00000000e+00]
 [0.00000000e+00 0.00000000e+00 0.00000000e+00 0.00000000e+00
  7.71604938e-06 0.00000000e+00]
 [0.00000000e+00 0.00000000e+00 0.00000000e+00 0.00000000e+00
  0.00000000e+00 7.71604938e-06]]",321.9281115802507,3541.2092273827575,1609.6405579012535,AI,"[0.001, 0.001, 0.001, 0.001, 0.001, 0.001]",0.1,0.01,500000.0,55.926474117245625,Heinz2001,Heinz2001,40.0,40.0,40.0,[116.61145443  76.2640534  195.78461082 108.4442175  233.28461686],0.004815597913614444,phase
21,"[[0.00000000e+00 0.00000000e+00 0.00000000e+00 0.00000000e+00
  0.00000000e+00 0.00000000e+00]
 [0.00000000e+00 7.71604938e-06 0.00000000e+00 0.00000000e+00
  0.00000000e+00 0.00000000e+00]
 [0.00000000e+00 0.00000000e+00 7.71604938e-06 0.00000000e+00
  0.00000000e+00 0.00000000e+00]
 [0.00000000e+00 0.00000000e+00 0.00000000e+00 7.71604938e-06
  0.00000000e+00 0.00000000e+00]
 [0.00000000e+00 0.00000000e+00 0.00000000e+00 0.00000000e+00
  7.71604938e-06 0.00000000e+00]
 [0.00000000e+00 0.00000000e+00 0.00000000e+00 0.00000000e+00
  0.00000000e+00 7.71604938e-06]]",355.78888834020944,3913.677771742304,1778.9444417010473,AI,"[0.001, 0.001, 0.001, 0.001, 0.001, 0.001]",0.1,0.01,500000.0,36.433654302771586,Heinz2001,Heinz2001,40.0,40.0,20.0,[ 54.4099718  228.820416   283.29202371 303.98209702 294.73133171],0.006869970787528203,phase
22,"[[0.00000000e+00 0.00000000e+00 0.00000000e+00 0.00000000e+00
  0.00000000e+00 0.00000000e+00]
 [0.00000000e+00 7.71604938e-06 0.00000000e+00 0.00000000e+00
  0.00000000e+00 0.00000000e+00]
 [0.00000000e+00 0.00000000e+00 7.71604938e-06 0.00000000e+00
  0.00000000e+00 0.00000000e+00]
 [0.00000000e+00 0.00000000e+00 0.00000000e+00 7.71604938e-06
  0.00000000e+00 0.00000000e+00]
 [0.00000000e+00 0.00000000e+00 0.00000000e+00 0.00000000e+00
  7.71604938e-06 0.00000000e+00]
 [0.00000000e+00 0.00000000e+00 0.00000000e+00 0.00000000e+00
  0.00000000e+00 7.71604938e-06]]",355.78888834020944,3913.677771742304,1778.9444417010473,AI,"[0.001, 0.001, 0.001, 0.001, 0.001, 0.001]",0.1,0.01,500000.0,46.433654302771586,Heinz2001,Heinz2001,40.0,40.0,30.0,[118.35357238 328.80650565 227.36891032 151.54829599 251.32486072],0.005929930221217783,phase
23,"[[0.00000000e+00 0.00000000e+00 0.00000000e+00 0.00000000e+00
  0.00000000e+00 0.00000000e+00]
 [0.00000000e+00 7.71604938e-06 0.00000000e+00 0.00000000e+00
  0.00000000e+00 0.00000000e+00]
 [0.00000000e+00 0.00000000e+00 7.71604938e-06 0.00000000e+00
  0.00000000e+00 0.00000000e+00]
 [0.00000000e+00 0.00000000e+00 0.00000000e+00 7.71604938e-06
  0.00000000e+00 0.00000000e+00]
 [0.00000000e+00 0.00000000e+00 0.00000000e+00 0.00000000e+00
  7.71604938e-06 0.00000000e+00]
 [0.00000000e+00 0.00000000e+00 0.00000000e+00 0.00000000e+00
  0.00000000e+00 7.71604938e-06]]",355.78888834020944,3913.677771742304,1778.9444417010473,AI,"[0.001, 0.001, 0.001, 0.001, 0.001, 0.001]",0.1,0.01,500000.0,56.433654302771586,Heinz2001,Heinz2001,40.0,40.0,40.0,[241.45674492  20.29706263 106.1560598   59.9614366  247.66039719],0.005533603503308828,phase
24,"[[0.00000000e+00 0.00000000e+00 0.00000000e+00 0.00000000e+00
  0.00000000e+00 0.00000000e+00]
 [0.00000000e+00 7.71604938e-06 0.00000000e+00 0.00000000e+00
  0.00000000e+00 0.00000000e+00]
 [0.00000000e+00 0.00000000e+00 7.71604938e-06 0.00000000e+00
  0.00000000e+00 0.00000000e+00]
 [0.00000000e+00 0.00000000e+00 0.00000000e+00 7.71604938e-06
  0.00000000e+00 0.00000000e+00]
 [0.00000000e+00 0.00000000e+00 0.00000000e+00 0.00000000e+00
  7.71604938e-06 0.00000000e+00]
 [0.00000000e+00 0.00000000e+00 0.00000000e+00 0.00000000e+00
  0.00000000e+00 7.71604938e-06]]",393.21118135657645,4325.3229949223405,1966.0559067828822,AI,"[0.001, 0.001, 0.001, 0.001, 0.001, 0.001]",0.1,0.01,500000.0,36.896005181474834,Heinz2001,Heinz2001,40.0,40.0,20.0,[140.46681503  12.0168115  171.05269601 347.54592335  86.857954  ],0.007976321869613901,phase
25,"[[0.00000000e+00 0.00000000e+00 0.00000000e+00 0.00000000e+00
  0.00000000e+00 0.00000000e+00]
 [0.00000000e+00 7.71604938e-06 0.00000000e+00 0.00000000e+00
  0.00000000e+00 0.00000000e+00]
 [0.00000000e+00 0.00000000e+00 7.71604938e-06 0.00000000e+00
  0.00000000e+00 0.00000000e+00]
 [0.00000000e+00 0.00000000e+00 0.00000000e+00 7.71604938e-06
  0.00000000e+00 0.00000000e+00]
 [0.00000000e+00 0.00000000e+00 0.00000000e+00 0.00000000e+00
  7.71604938e-06 0.00000000e+00]
 [0.00000000e+00 0.00000000e+00 0.00000000e+00 0.00000000e+00
  0.00000000e+00 7.71604938e-06]]",393.21118135657645,4325.3229949223405,1966.0559067828822,AI,"[0.001, 0.001, 0.001, 0.001, 0.001, 0.001]",0.1,0.01,500000.0,46.896005181474834,Heinz2001,Heinz2001,40.0,40.0,30.0,[262.79941557 115.13629675 261.60127483 126.94882695  27.97466988],0.006969631374381704,phase
26,"[[0.00000000e+00 0.00000000e+00 0.00000000e+00 0.00000000e+00
  0.00000000e+00 0.00000000e+00]
 [0.00000000e+00 7.71604938e-06 0.00000000e+00 0.00000000e+00
  0.00000000e+00 0.00000000e+00]
 [0.00000000e+00 0.00000000e+00 7.71604938e-06 0.00000000e+00
  0.00000000e+00 0.00000000e+00]
 [0.00000000e+00 0.00000000e+00 0.00000000e+00 7.71604938e-06
  0.00000000e+00 0.00000000e+00]
 [0.00000000e+00 0.00000000e+00 0.00000000e+00 0.00000000e+00
  7.71604938e-06 0.00000000e+00]
 [0.00000000e+00 0.00000000e+00 0.00000000e+00 0.00000000e+00
  0.00000000e+00 7.71604938e-06]]",393.21118135657645,4325.3229949223405,1966.0559067828822,AI,"[0.001, 0.001, 0.001, 0.001, 0.001, 0.001]",0.1,0.01,500000.0,56.896005181474834,Heinz2001,Heinz2001,40.0,40.0,40.0,[161.0401367  307.78675557 154.91015138 318.90291605  93.170568  ],0.006521929196003276,phase
27,"[[0.00000000e+00 0.00000000e+00 0.00000000e+00 0.00000000e+00
  0.00000000e+00 0.00000000e+00]
 [0.00000000e+00 7.71604938e-06 0.00000000e+00 0.00000000e+00
  0.00000000e+00 0.00000000e+00]
 [0.00000000e+00 0.00000000e+00 7.71604938e-06 0.00000000e+00
  0.00000000e+00 0.00000000e+00]
 [0.00000000e+00 0.00000000e+00 0.00000000e+00 7.71604938e-06
  0.00000000e+00 0.00000000e+00]
 [0.00000000e+00 0.00000000e+00 0.00000000e+00 0.00000000e+00
  7.71604938e-06 0.00000000e+00]
 [0.00000000e+00 0.00000000e+00 0.00000000e+00 0.00000000e+00
  0.00000000e+00 7.71604938e-06]]",434.56959509086647,4780.265545999531,2172.8479754543323,AI,"[0.001, 0.001, 0.001, 0.001, 0.001, 0.001]",0.1,0.01,500000.0,37.270005918784854,Heinz2001,Heinz2001,40.0,40.0,20.0,[115.23419875 163.28037817  58.01626291  89.29252674 108.44779401],0.009533551601293771,phase
28,"[[0.00000000e+00 0.00000000e+00 0.00000000e+00 0.00000000e+00
  0.00000000e+00 0.00000000e+00]
 [0.00000000e+00 7.71604938e-06 0.00000000e+00 0.00000000e+00
  0.00000000e+00 0.00000000e+00]
 [0.00000000e+00 0.00000000e+00 7.71604938e-06 0.00000000e+00
  0.00000000e+00 0.00000000e+00]
 [0.00000000e+00 0.00000000e+00 0.00000000e+00 7.71604938e-06
  0.00000000e+00 0.00000000e+00]
 [0.00000000e+00 0.00000000e+00 0.00000000e+00 0.00000000e+00
  7.71604938e-06 0.00000000e+00]
 [0.00000000e+00 0.00000000e+00 0.00000000e+00 0.00000000e+00
  0.00000000e+00 7.71604938e-06]]",434.56959509086647,4780.265545999531,2172.8479754543323,AI,"[0.001, 0.001, 0.001, 0.001, 0.001, 0.001]",0.1,0.01,500000.0,47.270005918784854,Heinz2001,Heinz2001,40.0,40.0,30.0,[280.26879816 227.29947289 309.87174549 298.9426825  153.23028475],0.008418137143135163,phase
29,"[[0.00000000e+00 0.00000000e+00 0.00000000e+00 0.00000000e+00
  0.00000000e+00 0.00000000e+00]
 [0.00000000e+00 7.71604938e-06 0.00000000e+00 0.00000000e+00
  0.00000000e+00 0.00000000e+00]
 [0.00000000e+00 0.00000000e+00 7.71604938e-06 0.00000000e+00
  0.00000000e+00 0.00000000e+00]
 [0.00000000e+00 0.00000000e+00 0.00000000e+00 7.71604938e-06
  0.00000000e+00 0.00000000e+00]
 [0.00000000e+00 0.00000000e+00 0.00000000e+00 0.00000000e+00
  7.71604938e-06 0.00000000e+00]
 [0.00000000e+00 0.00000000e+00 0.00000000e+00 0.00000000e+00
  0.00000000e+00 7.71604938e-06]]",434.56959509086647,4780.265545999531,2172.8479754543323,AI,"[0.001, 0.001, 0.001, 0.001, 0.001, 0.001]",0.1,0.01,500000.0,57.270005918784854,Heinz2001,Heinz2001,40.0,40.0,40.0,[ 54.44554451 234.86726744  25.83116224 276.43732664 216.08942241],0.007894885399338795,phase
30,"[[0.00000000e+00 0.00000000e+00 0.00000000e+00 0.00000000e+00
  0.00000000e+00 0.00000000e+00]
 [0.00000000e+00 7.71604938e-06 0.00000000e+00 0.00000000e+00
  0.00000000e+00 0.00000000e+00]
 [0.00000000e+00 0.00000000e+00 7.71604938e-06 0.00000000e+00
  0.00000000e+00 0.00000000e+00]
 [0.00000000e+00 0.00000000e+00 0.00000000e+00 7.71604938e-06
  0.00000000e+00 0.00000000e+00]
 [0.00000000e+00 0.00000000e+00 0.00000000e+00 0.00000000e+00
  7.71604938e-06 0.00000000e+00]
 [0.00000000e+00 0.00000000e+00 0.00000000e+00 0.00000000e+00
  0.00000000e+00 7.71604938e-06]]",480.27813534169,5283.05948875859,2401.39067670845,AI,"[0.001, 0.001, 0.001, 0.001, 0.001, 0.001]",0.1,0.01,500000.0,37.52872377209741,Heinz2001,Heinz2001,40.0,40.0,20.0,[130.82952894  10.4172906  331.73465119  26.67719259 127.33655636],0.01176020929026144,phase
31,"[[0.00000000e+00 0.00000000e+00 0.00000000e+00 0.00000000e+00
  0.00000000e+00 0.00000000e+00]
 [0.00000000e+00 7.71604938e-06 0.00000000e+00 0.00000000e+00
  0.00000000e+00 0.00000000e+00]
 [0.00000000e+00 0.00000000e+00 7.71604938e-06 0.00000000e+00
  0.00000000e+00 0.00000000e+00]
 [0.00000000e+00 0.00000000e+00 0.00000000e+00 7.71604938e-06
  0.00000000e+00 0.00000000e+00]
 [0.00000000e+00 0.00000000e+00 0.00000000e+00 0.00000000e+00
  7.71604938e-06 0.00000000e+00]
 [0.00000000e+00 0.00000000e+00 0.00000000e+00 0.00000000e+00
  0.00000000e+00 7.71604938e-06]]",480.27813534169,5283.05948875859,2401.39067670845,AI,"[0.001, 0.001, 0.001, 0.001, 0.001, 0.001]",0.1,0.01,500000.0,47.52872377209741,Heinz2001,Heinz2001,40.0,40.0,30.0,[275.21628354 216.93204484 307.6823481  184.12131464 322.50506458],0.010501187982858986,phase
32,"[[0.00000000e+00 0.00000000e+00 0.00000000e+00 0.00000000e+00
  0.00000000e+00 0.00000000e+00]
 [0.00000000e+00 7.71604938e-06 0.00000000e+00 0.00000000e+00
  0.00000000e+00 0.00000000e+00]
 [0.00000000e+00 0.00000000e+00 7.71604938e-06 0.00000000e+00
  0.00000000e+00 0.00000000e+00]
 [0.00000000e+00 0.00000000e+00 0.00000000e+00 7.71604938e-06
  0.00000000e+00 0.00000000e+00]
 [0.00000000e+00 0.00000000e+00 0.00000000e+00 0.00000000e+00
  7.71604938e-06 0.00000000e+00]
 [0.00000000e+00 0.00000000e+00 0.00000000e+00 0.00000000e+00
  0.00000000e+00 7.71604938e-06]]",480.27813534169,5283.05948875859,2401.39067670845,AI,"[0.001, 0.001, 0.001, 0.001, 0.001, 0.001]",0.1,0.01,500000.0,57.52872377209741,Heinz2001,Heinz2001,40.0,40.0,40.0,[218.13915714  87.33170475 131.52322729 127.62803683  24.42748457],0.009922002127257882,phase
33,"[[0.00000000e+00 0.00000000e+00 0.00000000e+00 0.00000000e+00
  0.00000000e+00 0.00000000e+00]
 [0.00000000e+00 7.71604938e-06 0.00000000e+00 0.00000000e+00
  0.00000000e+00 0.00000000e+00]
 [0.00000000e+00 0.00000000e+00 7.71604938e-06 0.00000000e+00
  0.00000000e+00 0.00000000e+00]
 [0.00000000e+00 0.00000000e+00 0.00000000e+00 7.71604938e-06
  0.00000000e+00 0.00000000e+00]
 [0.00000000e+00 0.00000000e+00 0.00000000e+00 0.00000000e+00
  7.71604938e-06 0.00000000e+00]
 [0.00000000e+00 0.00000000e+00 0.00000000e+00 0.00000000e+00
  0.00000000e+00 7.71604938e-06]]",530.7943535236503,5838.7378887601535,2653.9717676182518,AI,"[0.001, 0.001, 0.001, 0.001, 0.001, 0.001]",0.1,0.01,500000.0,37.692465385188825,Heinz2001,Heinz2001,40.0,40.0,20.0,[217.50286204 125.82297113  45.6762965  170.36343766 198.62568015],0.014936988947274184,phase
34,"[[0.00000000e+00 0.00000000e+00 0.00000000e+00 0.00000000e+00
  0.00000000e+00 0.00000000e+00]
 [0.00000000e+00 7.71604938e-06 0.00000000e+00 0.00000000e+00
  0.00000000e+00 0.00000000e+00]
 [0.00000000e+00 0.00000000e+00 7.71604938e-06 0.00000000e+00
  0.00000000e+00 0.00000000e+00]
 [0.00000000e+00 0.00000000e+00 0.00000000e+00 7.71604938e-06
  0.00000000e+00 0.00000000e+00]
 [0.00000000e+00 0.00000000e+00 0.00000000e+00 0.00000000e+00
  7.71604938e-06 0.00000000e+00]
 [0.00000000e+00 0.00000000e+00 0.00000000e+00 0.00000000e+00
  0.00000000e+00 7.71604938e-06]]",530.7943535236503,5838.7378887601535,2653.9717676182518,AI,"[0.001, 0.001, 0.001, 0.001, 0.001, 0.001]",0.1,0.01,500000.0,47.692465385188825,Heinz2001,Heinz2001,40.0,40.0,30.0,[ 14.64308234  13.46103063 290.71273644  70.60124746 243.31171241],0.013493723427828539,phase
35,"[[0.00000000e+00 0.00000000e+00 0.00000000e+00 0.00000000e+00
  0.00000000e+00 0.00000000e+00]
 [0.00000000e+00 7.71604938e-06 0.00000000e+00 0.00000000e+00
  0.00000000e+00 0.00000000e+00]
 [0.00000000e+00 0.00000000e+00 7.71604938e-06 0.00000000e+00
  0.00000000e+00 0.00000000e+00]
 [0.00000000e+00 0.00000000e+00 0.00000000e+00 7.71604938e-06
  0.00000000e+00 0.00000000e+00]
 [0.00000000e+00 0.00000000e+00 0.00000000e+00 0.00000000e+00
  7.71604938e-06 0.00000000e+00]
 [0.00000000e+00 0.00000000e+00 0.00000000e+00 0.00000000e+00
  0.00000000e+00 7.71604938e-06]]",530.7943535236503,5838.7378887601535,2653.9717676182518,AI,"[0.001, 0.001, 0.001, 0.001, 0.001, 0.001]",0.1,0.01,500000.0,57.692465385188825,Heinz2001,Heinz2001,40.0,40.0,40.0,[244.19838351 171.52305419 217.01782716 256.4607825  352.98340931],0.012820249353308152,phase
36,"[[0.00000000e+00 0.00000000e+00 0.00000000e+00 0.00000000e+00
  0.00000000e+00 0.00000000e+00]
 [0.00000000e+00 7.71604938e-06 0.00000000e+00 0.00000000e+00
  0.00000000e+00 0.00000000e+00]
 [0.00000000e+00 0.00000000e+00 7.71604938e-06 0.00000000e+00
  0.00000000e+00 0.00000000e+00]
 [0.00000000e+00 0.00000000e+00 0.00000000e+00 7.71604938e-06
  0.00000000e+00 0.00000000e+00]
 [0.00000000e+00 0.00000000e+00 0.00000000e+00 0.00000000e+00
  7.71604938e-06 0.00000000e+00]
 [0.00000000e+00 0.00000000e+00 0.00000000e+00 0.00000000e+00
  0.00000000e+00 7.71604938e-06]]",586.6239268463596,6452.863195309956,2933.119634231798,AI,"[0.001, 0.001, 0.001, 0.001, 0.001, 0.001]",0.1,0.01,500000.0,37.80056044509692,Heinz2001,Heinz2001,40.0,40.0,20.0,[128.85828009 304.02272622 208.18116317 255.09204318 264.66520807],0.019520151751077023,phase
37,"[[0.00000000e+00 0.00000000e+00 0.00000000e+00 0.00000000e+00
  0.00000000e+00 0.00000000e+00]
 [0.00000000e+00 7.71604938e-06 0.00000000e+00 0.00000000e+00
  0.00000000e+00 0.00000000e+00]
 [0.00000000e+00 0.00000000e+00 7.71604938e-06 0.00000000e+00
  0.00000000e+00 0.00000000e+00]
 [0.00000000e+00 0.00000000e+00 0.00000000e+00 7.71604938e-06
  0.00000000e+00 0.00000000e+00]
 [0.00000000e+00 0.00000000e+00 0.00000000e+00 0.00000000e+00
  7.71604938e-06 0.00000000e+00]
 [0.00000000e+00 0.00000000e+00 0.00000000e+00 0.00000000e+00
  0.00000000e+00 7.71604938e-06]]",586.6239268463596,6452.863195309956,2933.119634231798,AI,"[0.001, 0.001, 0.001, 0.001, 0.001, 0.001]",0.1,0.01,500000.0,47.80056044509692,Heinz2001,Heinz2001,40.0,40.0,30.0,[270.01827375  66.84517738 207.10690407 107.64811597  44.86994332],0.017735343049942533,phase
38,"[[0.00000000e+00 0.00000000e+00 0.00000000e+00 0.00000000e+00
  0.00000000e+00 0.00000000e+00]
 [0.00000000e+00 7.71604938e-06 0.00000000e+00 0.00000000e+00
  0.00000000e+00 0.00000000e+00]
 [0.00000000e+00 0.00000000e+00 7.71604938e-06 0.00000000e+00
  0.00000000e+00 0.00000000e+00]
 [0.00000000e+00 0.00000000e+00 0.00000000e+00 7.71604938e-06
  0.00000000e+00 0.00000000e+00]
 [0.00000000e+00 0.00000000e+00 0.00000000e+00 0.00000000e+00
  7.71604938e-06 0.00000000e+00]
 [0.00000000e+00 0.00000000e+00 0.00000000e+00 0.00000000e+00
  0.00000000e+00 7.71604938e-06]]",586.6239268463596,6452.863195309956,2933.119634231798,AI,"[0.001, 0.001, 0.001, 0.001, 0.001, 0.001]",0.1,0.01,500000.0,57.80056044509692,Heinz2001,Heinz2001,40.0,40.0,40.0,[240.56625829  95.7946376   74.85022551  95.9168896  287.69125246],0.01682188051165421,phase
39,"[[0.00000000e+00 0.00000000e+00 0.00000000e+00 0.00000000e+00
  0.00000000e+00 0.00000000e+00]
 [0.00000000e+00 7.71604938e-06 0.00000000e+00 0.00000000e+00
  0.00000000e+00 0.00000000e+00]
 [0.00000000e+00 0.00000000e+00 7.71604938e-06 0.00000000e+00
  0.00000000e+00 0.00000000e+00]
 [0.00000000e+00 0.00000000e+00 0.00000000e+00 7.71604938e-06
  0.00000000e+00 0.00000000e+00]
 [0.00000000e+00 0.00000000e+00 0.00000000e+00 0.00000000e+00
  7.71604938e-06 0.00000000e+00]
 [0.00000000e+00 0.00000000e+00 0.00000000e+00 0.00000000e+00
  0.00000000e+00 7.71604938e-06]]",648.3257202420679,7131.582922662747,3241.628601210339,AI,"[0.001, 0.001, 0.001, 0.001, 0.001, 0.001]",0.1,0.01,500000.0,37.869024043681044,Heinz2001,Heinz2001,40.0,40.0,20.0,[ 74.71523356  59.35730985 349.01648973  18.52368374  36.18252413],0.026197348352243948,phase
40,"[[0.00000000e+00 0.00000000e+00 0.00000000e+00 0.00000000e+00
  0.00000000e+00 0.00000000e+00]
 [0.00000000e+00 7.71604938e-06 0.00000000e+00 0.00000000e+00
  0.00000000e+00 0.00000000e+00]
 [0.00000000e+00 0.00000000e+00 7.71604938e-06 0.00000000e+00
  0.00000000e+00 0.00000000e+00]
 [0.00000000e+00 0.00000000e+00 0.00000000e+00 7.71604938e-06
  0.00000000e+00 0.00000000e+00]
 [0.00000000e+00 0.00000000e+00 0.00000000e+00 0.00000000e+00
  7.71604938e-06 0.00000000e+00]
 [0.00000000e+00 0.00000000e+00 0.00000000e+00 0.00000000e+00
  0.00000000e+00 7.71604938e-06]]",648.3257202420679,7131.582922662747,3241.628601210339,AI,"[0.001, 0.001, 0.001, 0.001, 0.001, 0.001]",0.1,0.01,500000.0,47.869024043681044,Heinz2001,Heinz2001,40.0,40.0,30.0,[176.35664853  36.58194426 153.64235791  37.25465359 152.15728153],0.023894253761055573,phase
41,"[[0.00000000e+00 0.00000000e+00 0.00000000e+00 0.00000000e+00
  0.00000000e+00 0.00000000e+00]
 [0.00000000e+00 7.71604938e-06 0.00000000e+00 0.00000000e+00
  0.00000000e+00 0.00000000e+00]
 [0.00000000e+00 0.00000000e+00 7.71604938e-06 0.00000000e+00
  0.00000000e+00 0.00000000e+00]
 [0.00000000e+00 0.00000000e+00 0.00000000e+00 7.71604938e-06
  0.00000000e+00 0.00000000e+00]
 [0.00000000e+00 0.00000000e+00 0.00000000e+00 0.00000000e+00
  7.71604938e-06 0.00000000e+00]
 [0.00000000e+00 0.00000000e+00 0.00000000e+00 0.00000000e+00
  0.00000000e+00 7.71604938e-06]]",648.3257202420679,7131.582922662747,3241.628601210339,AI,"[0.001, 0.001, 0.001, 0.001, 0.001, 0.001]",0.1,0.01,500000.0,57.869024043681044,Heinz2001,Heinz2001,40.0,40.0,40.0,[ 96.56279347  25.08210672 233.77134381 189.47759623  59.21866395],0.022366533464599558,phase
42,"[[0.00000000e+00 0.00000000e+00 0.00000000e+00 0.00000000e+00
  0.00000000e+00 0.00000000e+00]
 [0.00000000e+00 7.71604938e-06 0.00000000e+00 0.00000000e+00
  0.00000000e+00 0.00000000e+00]
 [0.00000000e+00 0.00000000e+00 7.71604938e-06 0.00000000e+00
  0.00000000e+00 0.00000000e+00]
 [0.00000000e+00 0.00000000e+00 0.00000000e+00 7.71604938e-06
  0.00000000e+00 0.00000000e+00]
 [0.00000000e+00 0.00000000e+00 0.00000000e+00 0.00000000e+00
  7.71604938e-06 0.00000000e+00]
 [0.00000000e+00 0.00000000e+00 0.00000000e+00 0.00000000e+00
  0.00000000e+00 7.71604938e-06]]",716.5173807127743,7881.691187840517,3582.5869035638716,AI,"[0.001, 0.001, 0.001, 0.001, 0.001, 0.001]",0.1,0.01,500000.0,37.90565767089101,Heinz2001,Heinz2001,40.0,40.0,20.0,[ 54.63746714  98.65160534  27.55755987 250.76396639 247.75463634],0.03583847597829167,phase
43,"[[0.00000000e+00 0.00000000e+00 0.00000000e+00 0.00000000e+00
  0.00000000e+00 0.00000000e+00]
 [0.00000000e+00 7.71604938e-06 0.00000000e+00 0.00000000e+00
  0.00000000e+00 0.00000000e+00]
 [0.00000000e+00 0.00000000e+00 7.71604938e-06 0.00000000e+00
  0.00000000e+00 0.00000000e+00]
 [0.00000000e+00 0.00000000e+00 0.00000000e+00 7.71604938e-06
  0.00000000e+00 0.00000000e+00]
 [0.00000000e+00 0.00000000e+00 0.00000000e+00 0.00000000e+00
  7.71604938e-06 0.00000000e+00]
 [0.00000000e+00 0.00000000e+00 0.00000000e+00 0.00000000e+00
  0.00000000e+00 7.71604938e-06]]",716.5173807127743,7881.691187840517,3582.5869035638716,AI,"[0.001, 0.001, 0.001, 0.001, 0.001, 0.001]",0.1,0.01,500000.0,47.90565767089101,Heinz2001,Heinz2001,40.0,40.0,30.0,[265.18564721 252.06092794 302.35743748 240.48393357 127.39672807],0.03289029474965998,phase
44,"[[0.00000000e+00 0.00000000e+00 0.00000000e+00 0.00000000e+00
  0.00000000e+00 0.00000000e+00]
 [0.00000000e+00 7.71604938e-06 0.00000000e+00 0.00000000e+00
  0.00000000e+00 0.00000000e+00]
 [0.00000000e+00 0.00000000e+00 7.71604938e-06 0.00000000e+00
  0.00000000e+00 0.00000000e+00]
 [0.00000000e+00 0.00000000e+00 0.00000000e+00 7.71604938e-06
  0.00000000e+00 0.00000000e+00]
 [0.00000000e+00 0.00000000e+00 0.00000000e+00 0.00000000e+00
  7.71604938e-06 0.00000000e+00]
 [0.00000000e+00 0.00000000e+00 0.00000000e+00 0.00000000e+00
  0.00000000e+00 7.71604938e-06]]",716.5173807127743,7881.691187840517,3582.5869035638716,AI,"[0.001, 0.001, 0.001, 0.001, 0.001, 0.001]",0.1,0.01,500000.0,57.90565767089101,Heinz2001,Heinz2001,40.0,40.0,40.0,[205.37377807 182.51156246 213.57633523 333.99791405  38.21203377],0.030113600807337233,phase
45,"[[0.00000000e+00 0.00000000e+00 0.00000000e+00 0.00000000e+00
  0.00000000e+00 0.00000000e+00]
 [0.00000000e+00 7.71604938e-06 0.00000000e+00 0.00000000e+00
  0.00000000e+00 0.00000000e+00]
 [0.00000000e+00 0.00000000e+00 7.71604938e-06 0.00000000e+00
  0.00000000e+00 0.00000000e+00]
 [0.00000000e+00 0.00000000e+00 0.00000000e+00 7.71604938e-06
  0.00000000e+00 0.00000000e+00]
 [0.00000000e+00 0.00000000e+00 0.00000000e+00 0.00000000e+00
  7.71604938e-06 0.00000000e+00]
 [0.00000000e+00 0.00000000e+00 0.00000000e+00 0.00000000e+00
  0.00000000e+00 7.71604938e-06]]",791.8815200973457,8710.696721070803,3959.407600486729,AI,"[0.001, 0.001, 0.001, 0.001, 0.001, 0.001]",0.1,0.01,500000.0,37.92219396501764,Heinz2001,Heinz2001,40.0,40.0,20.0,[114.39155183 305.56654018 148.79590477 170.84230914  19.26541746],0.049594320150996844,phase
46,"[[0.00000000e+00 0.00000000e+00 0.00000000e+00 0.00000000e+00
  0.00000000e+00 0.00000000e+00]
 [0.00000000e+00 7.71604938e-06 0.00000000e+00 0.00000000e+00
  0.00000000e+00 0.00000000e+00]
 [0.00000000e+00 0.00000000e+00 7.71604938e-06 0.00000000e+00
  0.00000000e+00 0.00000000e+00]
 [0.00000000e+00 0.00000000e+00 0.00000000e+00 7.71604938e-06
  0.00000000e+00 0.00000000e+00]
 [0.00000000e+00 0.00000000e+00 0.00000000e+00 0.00000000e+00
  7.71604938e-06 0.00000000e+00]
 [0.00000000e+00 0.00000000e+00 0.00000000e+00 0.00000000e+00
  0.00000000e+00 7.71604938e-06]]",791.8815200973457,8710.696721070803,3959.407600486729,AI,"[0.001, 0.001, 0.001, 0.001, 0.001, 0.001]",0.1,0.01,500000.0,47.92219396501764,Heinz2001,Heinz2001,40.0,40.0,30.0,[195.44266406 290.74351929 175.33343925  53.43129651  69.95542302],0.046397993672826834,phase
47,"[[0.00000000e+00 0.00000000e+00 0.00000000e+00 0.00000000e+00
  0.00000000e+00 0.00000000e+00]
 [0.00000000e+00 7.71604938e-06 0.00000000e+00 0.00000000e+00
  0.00000000e+00 0.00000000e+00]
 [0.00000000e+00 0.00000000e+00 7.71604938e-06 0.00000000e+00
  0.00000000e+00 0.00000000e+00]
 [0.00000000e+00 0.00000000e+00 0.00000000e+00 7.71604938e-06
  0.00000000e+00 0.00000000e+00]
 [0.00000000e+00 0.00000000e+00 0.00000000e+00 0.00000000e+00
  7.71604938e-06 0.00000000e+00]
 [0.00000000e+00 0.00000000e+00 0.00000000e+00 0.00000000e+00
  0.00000000e+00 7.71604938e-06]]",791.8815200973457,8710.696721070803,3959.407600486729,AI,"[0.001, 0.001, 0.001, 0.001, 0.001, 0.001]",0.1,0.01,500000.0,57.92219396501764,Heinz2001,Heinz2001,40.0,40.0,40.0,[ 20.60218699 154.15199475 199.14486147  24.19095223  60.16823072],0.03947562925305225,phase
48,"[[0.00000000e+00 0.00000000e+00 0.00000000e+00 0.00000000e+00
  0.00000000e+00 0.00000000e+00]
 [0.00000000e+00 7.71604938e-06 0.00000000e+00 0.00000000e+00
  0.00000000e+00 0.00000000e+00]
 [0.00000000e+00 0.00000000e+00 7.71604938e-06 0.00000000e+00
  0.00000000e+00 0.00000000e+00]
 [0.00000000e+00 0.00000000e+00 0.00000000e+00 7.71604938e-06
  0.00000000e+00 0.00000000e+00]
 [0.00000000e+00 0.00000000e+00 0.00000000e+00 0.00000000e+00
  7.71604938e-06 0.00000000e+00]
 [0.00000000e+00 0.00000000e+00 0.00000000e+00 0.00000000e+00
  0.00000000e+00 7.71604938e-06]]",875.17254814933,9626.89802964263,4375.86274074665,AI,"[0.001, 0.001, 0.001, 0.001, 0.001, 0.001]",0.1,0.01,500000.0,37.92984240473501,Heinz2001,Heinz2001,40.0,40.0,20.0,[ 18.82086964 144.02814081 274.98598159 175.48192907  35.02363279],0.06854325447867493,phase
49,"[[0.00000000e+00 0.00000000e+00 0.00000000e+00 0.00000000e+00
  0.00000000e+00 0.00000000e+00]
 [0.00000000e+00 7.71604938e-06 0.00000000e+00 0.00000000e+00
  0.00000000e+00 0.00000000e+00]
 [0.00000000e+00 0.00000000e+00 7.71604938e-06 0.00000000e+00
  0.00000000e+00 0.00000000e+00]
 [0.00000000e+00 0.00000000e+00 0.00000000e+00 7.71604938e-06
  0.00000000e+00 0.00000000e+00]
 [0.00000000e+00 0.00000000e+00 0.00000000e+00 0.00000000e+00
  7.71604938e-06 0.00000000e+00]
 [0.00000000e+00 0.00000000e+00 0.00000000e+00 0.00000000e+00
  0.00000000e+00 7.71604938e-06]]",875.17254814933,9626.89802964263,4375.86274074665,AI,"[0.001, 0.001, 0.001, 0.001, 0.001, 0.001]",0.1,0.01,500000.0,47.92984240473501,Heinz2001,Heinz2001,40.0,40.0,30.0,[ 24.13826142  19.62224627 235.39138005 183.95017416  52.94422672],0.06633410288256995,phase
50,"[[0.00000000e+00 0.00000000e+00 0.00000000e+00 0.00000000e+00
  0.00000000e+00 0.00000000e+00]
 [0.00000000e+00 7.71604938e-06 0.00000000e+00 0.00000000e+00
  0.00000000e+00 0.00000000e+00]
 [0.00000000e+00 0.00000000e+00 7.71604938e-06 0.00000000e+00
  0.00000000e+00 0.00000000e+00]
 [0.00000000e+00 0.00000000e+00 0.00000000e+00 7.71604938e-06
  0.00000000e+00 0.00000000e+00]
 [0.00000000e+00 0.00000000e+00 0.00000000e+00 0.00000000e+00
  7.71604938e-06 0.00000000e+00]
 [0.00000000e+00 0.00000000e+00 0.00000000e+00 0.00000000e+00
  0.00000000e+00 7.71604938e-06]]",875.17254814933,9626.89802964263,4375.86274074665,AI,"[0.001, 0.001, 0.001, 0.001, 0.001, 0.001]",0.1,0.01,500000.0,57.92984240473501,Heinz2001,Heinz2001,40.0,40.0,40.0,[192.17167332 193.40092506 144.597953   333.72614664 163.30457778],0.0477178251955091,phase
51,"[[0.00000000e+00 0.00000000e+00 0.00000000e+00 0.00000000e+00
  0.00000000e+00 0.00000000e+00]
 [0.00000000e+00 7.71604938e-06 0.00000000e+00 0.00000000e+00
  0.00000000e+00 0.00000000e+00]
 [0.00000000e+00 0.00000000e+00 7.71604938e-06 0.00000000e+00
  0.00000000e+00 0.00000000e+00]
 [0.00000000e+00 0.00000000e+00 0.00000000e+00 7.71604938e-06
  0.00000000e+00 0.00000000e+00]
 [0.00000000e+00 0.00000000e+00 0.00000000e+00 0.00000000e+00
  7.71604938e-06 0.00000000e+00]
 [0.00000000e+00 0.00000000e+00 0.00000000e+00 0.00000000e+00
  0.00000000e+00 7.71604938e-06]]",967.2242243259274,10639.466467585202,4836.121121629637,AI,"[0.001, 0.001, 0.001, 0.001, 0.001, 0.001]",0.1,0.01,500000.0,37.93326042881357,Heinz2001,Heinz2001,40.0,40.0,20.0,[234.64035885 217.82210306 180.35601521 316.63542659 151.57239745],0.09225491220360289,phase
52,"[[0.00000000e+00 0.00000000e+00 0.00000000e+00 0.00000000e+00
  0.00000000e+00 0.00000000e+00]
 [0.00000000e+00 7.71604938e-06 0.00000000e+00 0.00000000e+00
  0.00000000e+00 0.00000000e+00]
 [0.00000000e+00 0.00000000e+00 7.71604938e-06 0.00000000e+00
  0.00000000e+00 0.00000000e+00]
 [0.00000000e+00 0.00000000e+00 0.00000000e+00 7.71604938e-06
  0.00000000e+00 0.00000000e+00]
 [0.00000000e+00 0.00000000e+00 0.00000000e+00 0.00000000e+00
  7.71604938e-06 0.00000000e+00]
 [0.00000000e+00 0.00000000e+00 0.00000000e+00 0.00000000e+00
  0.00000000e+00 7.71604938e-06]]",967.2242243259274,10639.466467585202,4836.121121629637,AI,"[0.001, 0.001, 0.001, 0.001, 0.001, 0.001]",0.1,0.01,500000.0,47.93326042881357,Heinz2001,Heinz2001,40.0,40.0,30.0,[228.5778081  339.78019515  60.15364959 263.1234211  331.3212028 ],0.09524751246256753,phase
53,"[[0.00000000e+00 0.00000000e+00 0.00000000e+00 0.00000000e+00
  0.00000000e+00 0.00000000e+00]
 [0.00000000e+00 7.71604938e-06 0.00000000e+00 0.00000000e+00
  0.00000000e+00 0.00000000e+00]
 [0.00000000e+00 0.00000000e+00 7.71604938e-06 0.00000000e+00
  0.00000000e+00 0.00000000e+00]
 [0.00000000e+00 0.00000000e+00 0.00000000e+00 7.71604938e-06
  0.00000000e+00 0.00000000e+00]
 [0.00000000e+00 0.00000000e+00 0.00000000e+00 0.00000000e+00
  7.71604938e-06 0.00000000e+00]
 [0.00000000e+00 0.00000000e+00 0.00000000e+00 0.00000000e+00
  0.00000000e+00 7.71604938e-06]]",967.2242243259274,10639.466467585202,4836.121121629637,AI,"[0.001, 0.001, 0.001, 0.001, 0.001, 0.001]",0.1,0.01,500000.0,57.93326042881357,Heinz2001,Heinz2001,40.0,40.0,40.0,[118.34943451 165.04826693 146.36264795 256.47392437 181.03274923],0.05513438746901492,phase
54,"[[0.00000000e+00 0.00000000e+00 0.00000000e+00 0.00000000e+00
  0.00000000e+00 0.00000000e+00]
 [0.00000000e+00 7.71604938e-06 0.00000000e+00 0.00000000e+00
  0.00000000e+00 0.00000000e+00]
 [0.00000000e+00 0.00000000e+00 7.71604938e-06 0.00000000e+00
  0.00000000e+00 0.00000000e+00]
 [0.00000000e+00 0.00000000e+00 0.00000000e+00 7.71604938e-06
  0.00000000e+00 0.00000000e+00]
 [0.00000000e+00 0.00000000e+00 0.00000000e+00 0.00000000e+00
  7.71604938e-06 0.00000000e+00]
 [0.00000000e+00 0.00000000e+00 0.00000000e+00 0.00000000e+00
  0.00000000e+00 7.71604938e-06]]",1068.9580038829843,11758.538042712828,5344.7900194149215,AI,"[0.001, 0.001, 0.001, 0.001, 0.001, 0.001]",0.1,0.01,500000.0,37.9349565625874,Heinz2001,Heinz2001,40.0,40.0,20.0,[294.10135888 310.39192988 289.57443531 130.28838303  18.30406301],0.1200167726672571,phase
55,"[[0.00000000e+00 0.00000000e+00 0.00000000e+00 0.00000000e+00
  0.00000000e+00 0.00000000e+00]
 [0.00000000e+00 7.71604938e-06 0.00000000e+00 0.00000000e+00
  0.00000000e+00 0.00000000e+00]
 [0.00000000e+00 0.00000000e+00 7.71604938e-06 0.00000000e+00
  0.00000000e+00 0.00000000e+00]
 [0.00000000e+00 0.00000000e+00 0.00000000e+00 7.71604938e-06
  0.00000000e+00 0.00000000e+00]
 [0.00000000e+00 0.00000000e+00 0.00000000e+00 0.00000000e+00
  7.71604938e-06 0.00000000e+00]
 [0.00000000e+00 0.00000000e+00 0.00000000e+00 0.00000000e+00
  0.00000000e+00 7.71604938e-06]]",1068.9580038829843,11758.538042712828,5344.7900194149215,AI,"[0.001, 0.001, 0.001, 0.001, 0.001, 0.001]",0.1,0.01,500000.0,47.9349565625874,Heinz2001,Heinz2001,40.0,40.0,30.0,[263.16029462 299.11928881 158.06578342 235.24949246 341.22652116],0.13288270390743456,phase
56,"[[0.00000000e+00 0.00000000e+00 0.00000000e+00 0.00000000e+00
  0.00000000e+00 0.00000000e+00]
 [0.00000000e+00 7.71604938e-06 0.00000000e+00 0.00000000e+00
  0.00000000e+00 0.00000000e+00]
 [0.00000000e+00 0.00000000e+00 7.71604938e-06 0.00000000e+00
  0.00000000e+00 0.00000000e+00]
 [0.00000000e+00 0.00000000e+00 0.00000000e+00 7.71604938e-06
  0.00000000e+00 0.00000000e+00]
 [0.00000000e+00 0.00000000e+00 0.00000000e+00 0.00000000e+00
  7.71604938e-06 0.00000000e+00]
 [0.00000000e+00 0.00000000e+00 0.00000000e+00 0.00000000e+00
  0.00000000e+00 7.71604938e-06]]",1068.9580038829843,11758.538042712828,5344.7900194149215,AI,"[0.001, 0.001, 0.001, 0.001, 0.001, 0.001]",0.1,0.01,500000.0,57.9349565625874,Heinz2001,Heinz2001,40.0,40.0,40.0,[ 59.61792508 271.79977672 296.85215136  38.55484945 290.00314203],0.04981074852845008,phase
57,"[[0.00000000e+00 0.00000000e+00 0.00000000e+00 0.00000000e+00
  0.00000000e+00 0.00000000e+00]
 [0.00000000e+00 7.71604938e-06 0.00000000e+00 0.00000000e+00
  0.00000000e+00 0.00000000e+00]
 [0.00000000e+00 0.00000000e+00 7.71604938e-06 0.00000000e+00
  0.00000000e+00 0.00000000e+00]
 [0.00000000e+00 0.00000000e+00 0.00000000e+00 7.71604938e-06
  0.00000000e+00 0.00000000e+00]
 [0.00000000e+00 0.00000000e+00 0.00000000e+00 0.00000000e+00
  7.71604938e-06 0.00000000e+00]
 [0.00000000e+00 0.00000000e+00 0.00000000e+00 0.00000000e+00
  0.00000000e+00 7.71604938e-06]]",1181.3922618220581,12995.314880042639,5906.961309110291,AI,"[0.001, 0.001, 0.001, 0.001, 0.001, 0.001]",0.1,0.01,500000.0,37.93567429329934,Heinz2001,Heinz2001,40.0,40.0,20.0,[171.69576098 149.16138779 303.35875667 265.4226332  300.09288982],0.1416985237893149,phase
58,"[[0.00000000e+00 0.00000000e+00 0.00000000e+00 0.00000000e+00
  0.00000000e+00 0.00000000e+00]
 [0.00000000e+00 7.71604938e-06 0.00000000e+00 0.00000000e+00
  0.00000000e+00 0.00000000e+00]
 [0.00000000e+00 0.00000000e+00 7.71604938e-06 0.00000000e+00
  0.00000000e+00 0.00000000e+00]
 [0.00000000e+00 0.00000000e+00 0.00000000e+00 7.71604938e-06
  0.00000000e+00 0.00000000e+00]
 [0.00000000e+00 0.00000000e+00 0.00000000e+00 0.00000000e+00
  7.71604938e-06 0.00000000e+00]
 [0.00000000e+00 0.00000000e+00 0.00000000e+00 0.00000000e+00
  0.00000000e+00 7.71604938e-06]]",1181.3922618220581,12995.314880042639,5906.961309110291,AI,"[0.001, 0.001, 0.001, 0.001, 0.001, 0.001]",0.1,0.01,500000.0,47.93567429329934,Heinz2001,Heinz2001,40.0,40.0,30.0,[ 16.05925761 259.56534779 336.23514863 191.93465685 208.87067725],0.18125692092912318,phase
59,"[[0.00000000e+00 0.00000000e+00 0.00000000e+00 0.00000000e+00
  0.00000000e+00 0.00000000e+00]
 [0.00000000e+00 7.71604938e-06 0.00000000e+00 0.00000000e+00
  0.00000000e+00 0.00000000e+00]
 [0.00000000e+00 0.00000000e+00 7.71604938e-06 0.00000000e+00
  0.00000000e+00 0.00000000e+00]
 [0.00000000e+00 0.00000000e+00 0.00000000e+00 7.71604938e-06
  0.00000000e+00 0.00000000e+00]
 [0.00000000e+00 0.00000000e+00 0.00000000e+00 0.00000000e+00
  7.71604938e-06 0.00000000e+00]
 [0.00000000e+00 0.00000000e+00 0.00000000e+00 0.00000000e+00
  0.00000000e+00 7.71604938e-06]]",1181.3922618220581,12995.314880042639,5906.961309110291,AI,"[0.001, 0.001, 0.001, 0.001, 0.001, 0.001]",0.1,0.01,500000.0,57.93567429329934,Heinz2001,Heinz2001,40.0,40.0,40.0,[323.6661995   37.38400665  30.88259582   7.2573333  316.19415942],0.04883530677519277,phase
60,"[[0.00000000e+00 0.00000000e+00 0.00000000e+00 0.00000000e+00
  0.00000000e+00 0.00000000e+00]
 [0.00000000e+00 7.71604938e-06 0.00000000e+00 0.00000000e+00
  0.00000000e+00 0.00000000e+00]
 [0.00000000e+00 0.00000000e+00 7.71604938e-06 0.00000000e+00
  0.00000000e+00 0.00000000e+00]
 [0.00000000e+00 0.00000000e+00 0.00000000e+00 7.71604938e-06
  0.00000000e+00 0.00000000e+00]
 [0.00000000e+00 0.00000000e+00 0.00000000e+00 0.00000000e+00
  7.71604938e-06 0.00000000e+00]
 [0.00000000e+00 0.00000000e+00 0.00000000e+00 0.00000000e+00
  0.00000000e+00 7.71604938e-06]]",1305.6524870230744,14362.177357253819,6528.262435115372,AI,"[0.001, 0.001, 0.001, 0.001, 0.001, 0.001]",0.1,0.01,500000.0,37.93582763958207,Heinz2001,Heinz2001,40.0,40.0,20.0,[225.52083419 122.82007378 146.59240371  91.94463321 240.13592534],0.1634567591099048,phase
61,"[[0.00000000e+00 0.00000000e+00 0.00000000e+00 0.00000000e+00
  0.00000000e+00 0.00000000e+00]
 [0.00000000e+00 7.71604938e-06 0.00000000e+00 0.00000000e+00
  0.00000000e+00 0.00000000e+00]
 [0.00000000e+00 0.00000000e+00 7.71604938e-06 0.00000000e+00
  0.00000000e+00 0.00000000e+00]
 [0.00000000e+00 0.00000000e+00 0.00000000e+00 7.71604938e-06
  0.00000000e+00 0.00000000e+00]
 [0.00000000e+00 0.00000000e+00 0.00000000e+00 0.00000000e+00
  7.71604938e-06 0.00000000e+00]
 [0.00000000e+00 0.00000000e+00 0.00000000e+00 0.00000000e+00
  0.00000000e+00 7.71604938e-06]]",1305.6524870230744,14362.177357253819,6528.262435115372,AI,"[0.001, 0.001, 0.001, 0.001, 0.001, 0.001]",0.1,0.01,500000.0,47.93582763958207,Heinz2001,Heinz2001,40.0,40.0,30.0,[ 73.03747169 154.96225361  83.90351322 221.07964748 284.29201089],0.2170567256014781,phase
62,"[[0.00000000e+00 0.00000000e+00 0.00000000e+00 0.00000000e+00
  0.00000000e+00 0.00000000e+00]
 [0.00000000e+00 7.71604938e-06 0.00000000e+00 0.00000000e+00
  0.00000000e+00 0.00000000e+00]
 [0.00000000e+00 0.00000000e+00 7.71604938e-06 0.00000000e+00
  0.00000000e+00 0.00000000e+00]
 [0.00000000e+00 0.00000000e+00 0.00000000e+00 7.71604938e-06
  0.00000000e+00 0.00000000e+00]
 [0.00000000e+00 0.00000000e+00 0.00000000e+00 0.00000000e+00
  7.71604938e-06 0.00000000e+00]
 [0.00000000e+00 0.00000000e+00 0.00000000e+00 0.00000000e+00
  0.00000000e+00 7.71604938e-06]]",1305.6524870230744,14362.177357253819,6528.262435115372,AI,"[0.001, 0.001, 0.001, 0.001, 0.001, 0.001]",0.1,0.01,500000.0,57.93582763958207,Heinz2001,Heinz2001,40.0,40.0,40.0,[275.63620411   0.44708762  89.86887107  53.759676    52.98286549],0.04636827458419543,phase
63,"[[0.00000000e+00 0.00000000e+00 0.00000000e+00 0.00000000e+00
  0.00000000e+00 0.00000000e+00]
 [0.00000000e+00 7.71604938e-06 0.00000000e+00 0.00000000e+00
  0.00000000e+00 0.00000000e+00]
 [0.00000000e+00 0.00000000e+00 7.71604938e-06 0.00000000e+00
  0.00000000e+00 0.00000000e+00]
 [0.00000000e+00 0.00000000e+00 0.00000000e+00 7.71604938e-06
  0.00000000e+00 0.00000000e+00]
 [0.00000000e+00 0.00000000e+00 0.00000000e+00 0.00000000e+00
  7.71604938e-06 0.00000000e+00]
 [0.00000000e+00 0.00000000e+00 0.00000000e+00 0.00000000e+00
  0.00000000e+00 7.71604938e-06]]",1442.9825486078093,15872.808034685902,7214.912743039047,AI,"[0.001, 0.001, 0.001, 0.001, 0.001, 0.001]",0.1,0.01,500000.0,37.9358269497419,Heinz2001,Heinz2001,40.0,40.0,20.0,[186.28741869 105.25884277 140.58864876 142.11714323 145.93687831],0.18062990386504502,phase
64,"[[0.00000000e+00 0.00000000e+00 0.00000000e+00 0.00000000e+00
  0.00000000e+00 0.00000000e+00]
 [0.00000000e+00 7.71604938e-06 0.00000000e+00 0.00000000e+00
  0.00000000e+00 0.00000000e+00]
 [0.00000000e+00 0.00000000e+00 7.71604938e-06 0.00000000e+00
  0.00000000e+00 0.00000000e+00]
 [0.00000000e+00 0.00000000e+00 0.00000000e+00 7.71604938e-06
  0.00000000e+00 0.00000000e+00]
 [0.00000000e+00 0.00000000e+00 0.00000000e+00 0.00000000e+00
  7.71604938e-06 0.00000000e+00]
 [0.00000000e+00 0.00000000e+00 0.00000000e+00 0.00000000e+00
  0.00000000e+00 7.71604938e-06]]",1442.9825486078093,15872.808034685902,7214.912743039047,AI,"[0.001, 0.001, 0.001, 0.001, 0.001, 0.001]",0.1,0.01,500000.0,47.9358269497419,Heinz2001,Heinz2001,40.0,40.0,30.0,[ 45.55778457  96.60186408 152.9788555   74.96694298 205.27361939],0.24695476477917241,phase
65,"[[0.00000000e+00 0.00000000e+00 0.00000000e+00 0.00000000e+00
  0.00000000e+00 0.00000000e+00]
 [0.00000000e+00 7.71604938e-06 0.00000000e+00 0.00000000e+00
  0.00000000e+00 0.00000000e+00]
 [0.00000000e+00 0.00000000e+00 7.71604938e-06 0.00000000e+00
  0.00000000e+00 0.00000000e+00]
 [0.00000000e+00 0.00000000e+00 0.00000000e+00 7.71604938e-06
  0.00000000e+00 0.00000000e+00]
 [0.00000000e+00 0.00000000e+00 0.00000000e+00 0.00000000e+00
  7.71604938e-06 0.00000000e+00]
 [0.00000000e+00 0.00000000e+00 0.00000000e+00 0.00000000e+00
  0.00000000e+00 7.71604938e-06]]",1442.9825486078093,15872.808034685902,7214.912743039047,AI,"[0.001, 0.001, 0.001, 0.001, 0.001, 0.001]",0.1,0.01,500000.0,57.9358269497419,Heinz2001,Heinz2001,40.0,40.0,40.0,[356.01555867 168.59469146 333.67515956 353.45704425 316.65557584],0.03983121940526386,phase
66,"[[0.00000000e+00 0.00000000e+00 0.00000000e+00 0.00000000e+00
  0.00000000e+00 0.00000000e+00]
 [0.00000000e+00 7.71604938e-06 0.00000000e+00 0.00000000e+00
  0.00000000e+00 0.00000000e+00]
 [0.00000000e+00 0.00000000e+00 7.71604938e-06 0.00000000e+00
  0.00000000e+00 0.00000000e+00]
 [0.00000000e+00 0.00000000e+00 0.00000000e+00 7.71604938e-06
  0.00000000e+00 0.00000000e+00]
 [0.00000000e+00 0.00000000e+00 0.00000000e+00 0.00000000e+00
  7.71604938e-06 0.00000000e+00]
 [0.00000000e+00 0.00000000e+00 0.00000000e+00 0.00000000e+00
  0.00000000e+00 7.71604938e-06]]",1594.7571473127314,17542.328620440047,7973.785736563657,AI,"[0.001, 0.001, 0.001, 0.001, 0.001, 0.001]",0.1,0.01,500000.0,37.9359610391039,Heinz2001,Heinz2001,40.0,40.0,20.0,[ 72.94978351 231.7888627   70.12892768  18.13765245 213.43125859],0.20095941655678218,phase
67,"[[0.00000000e+00 0.00000000e+00 0.00000000e+00 0.00000000e+00
  0.00000000e+00 0.00000000e+00]
 [0.00000000e+00 7.71604938e-06 0.00000000e+00 0.00000000e+00
  0.00000000e+00 0.00000000e+00]
 [0.00000000e+00 0.00000000e+00 7.71604938e-06 0.00000000e+00
  0.00000000e+00 0.00000000e+00]
 [0.00000000e+00 0.00000000e+00 0.00000000e+00 7.71604938e-06
  0.00000000e+00 0.00000000e+00]
 [0.00000000e+00 0.00000000e+00 0.00000000e+00 0.00000000e+00
  7.71604938e-06 0.00000000e+00]
 [0.00000000e+00 0.00000000e+00 0.00000000e+00 0.00000000e+00
  0.00000000e+00 7.71604938e-06]]",1594.7571473127314,17542.328620440047,7973.785736563657,AI,"[0.001, 0.001, 0.001, 0.001, 0.001, 0.001]",0.1,0.01,500000.0,47.9359610391039,Heinz2001,Heinz2001,40.0,40.0,30.0,[107.61246248 327.95287979 249.25689724 233.92106065  50.06588855],0.24599487534101935,phase
68,"[[0.00000000e+00 0.00000000e+00 0.00000000e+00 0.00000000e+00
  0.00000000e+00 0.00000000e+00]
 [0.00000000e+00 7.71604938e-06 0.00000000e+00 0.00000000e+00
  0.00000000e+00 0.00000000e+00]
 [0.00000000e+00 0.00000000e+00 7.71604938e-06 0.00000000e+00
  0.00000000e+00 0.00000000e+00]
 [0.00000000e+00 0.00000000e+00 0.00000000e+00 7.71604938e-06
  0.00000000e+00 0.00000000e+00]
 [0.00000000e+00 0.00000000e+00 0.00000000e+00 0.00000000e+00
  7.71604938e-06 0.00000000e+00]
 [0.00000000e+00 0.00000000e+00 0.00000000e+00 0.00000000e+00
  0.00000000e+00 7.71604938e-06]]",1594.7571473127314,17542.328620440047,7973.785736563657,AI,"[0.001, 0.001, 0.001, 0.001, 0.001, 0.001]",0.1,0.01,500000.0,57.9359610391039,Heinz2001,Heinz2001,40.0,40.0,40.0,[  8.53933338 329.13100749  84.46326689 295.2799415  188.55126761],0.03287979107774064,phase
69,"[[0.00000000e+00 0.00000000e+00 0.00000000e+00 0.00000000e+00
  0.00000000e+00 0.00000000e+00]
 [0.00000000e+00 7.71604938e-06 0.00000000e+00 0.00000000e+00
  0.00000000e+00 0.00000000e+00]
 [0.00000000e+00 0.00000000e+00 7.71604938e-06 0.00000000e+00
  0.00000000e+00 0.00000000e+00]
 [0.00000000e+00 0.00000000e+00 0.00000000e+00 7.71604938e-06
  0.00000000e+00 0.00000000e+00]
 [0.00000000e+00 0.00000000e+00 0.00000000e+00 0.00000000e+00
  7.71604938e-06 0.00000000e+00]
 [0.00000000e+00 0.00000000e+00 0.00000000e+00 0.00000000e+00
  0.00000000e+00 7.71604938e-06]]",1762.495576511835,19387.451341630185,8812.477882559175,AI,"[0.001, 0.001, 0.001, 0.001, 0.001, 0.001]",0.1,0.01,500000.0,37.93628841703492,Heinz2001,Heinz2001,40.0,40.0,20.0,[341.14853671  85.80042595  20.28730028 191.22580603 235.37766185],0.21940763524495446,phase
70,"[[0.00000000e+00 0.00000000e+00 0.00000000e+00 0.00000000e+00
  0.00000000e+00 0.00000000e+00]
 [0.00000000e+00 7.71604938e-06 0.00000000e+00 0.00000000e+00
  0.00000000e+00 0.00000000e+00]
 [0.00000000e+00 0.00000000e+00 7.71604938e-06 0.00000000e+00
  0.00000000e+00 0.00000000e+00]
 [0.00000000e+00 0.00000000e+00 0.00000000e+00 7.71604938e-06
  0.00000000e+00 0.00000000e+00]
 [0.00000000e+00 0.00000000e+00 0.00000000e+00 0.00000000e+00
  7.71604938e-06 0.00000000e+00]
 [0.00000000e+00 0.00000000e+00 0.00000000e+00 0.00000000e+00
  0.00000000e+00 7.71604938e-06]]",1762.495576511835,19387.451341630185,8812.477882559175,AI,"[0.001, 0.001, 0.001, 0.001, 0.001, 0.001]",0.1,0.01,500000.0,47.93628841703492,Heinz2001,Heinz2001,40.0,40.0,30.0,[222.8620633  307.42743665 214.6813896  130.29963452 158.99182693],0.20217384462682952,phase
71,"[[0.00000000e+00 0.00000000e+00 0.00000000e+00 0.00000000e+00
  0.00000000e+00 0.00000000e+00]
 [0.00000000e+00 7.71604938e-06 0.00000000e+00 0.00000000e+00
  0.00000000e+00 0.00000000e+00]
 [0.00000000e+00 0.00000000e+00 7.71604938e-06 0.00000000e+00
  0.00000000e+00 0.00000000e+00]
 [0.00000000e+00 0.00000000e+00 0.00000000e+00 7.71604938e-06
  0.00000000e+00 0.00000000e+00]
 [0.00000000e+00 0.00000000e+00 0.00000000e+00 0.00000000e+00
  7.71604938e-06 0.00000000e+00]
 [0.00000000e+00 0.00000000e+00 0.00000000e+00 0.00000000e+00
  0.00000000e+00 7.71604938e-06]]",1762.495576511835,19387.451341630185,8812.477882559175,AI,"[0.001, 0.001, 0.001, 0.001, 0.001, 0.001]",0.1,0.01,500000.0,57.93628841703492,Heinz2001,Heinz2001,40.0,40.0,40.0,[228.13742445 206.78577307  45.71704643 328.01240459 251.9078589 ],0.030430662002464415,phase
